id,Name,Clients,Users,Description,Icon
1,Back Door to Hell,"[{},{}]","[{},{},{},{},{}]","In hac habitasse platea dictumst. Morbi vestibulum, velit id pretium iaculis, diam erat fermentum justo, nec condimentum neque sapien placerat ante. Nulla justo.",http://dummyimage.com/173x138.jpg/cc0000/ffffff
2,Half Moon Street,"[{},{},{},{}]","[{},{},{},{}]","Sed sagittis. Nam congue, risus semper porta volutpat, quam pede lobortis ligula, sit amet eleifend pede libero quis orci. Nullam molestie nibh in lectus.

Pellentesque at nulla. Suspendisse potenti. Cras in purus eu magna vulputate luctus.",http://dummyimage.com/108x194.jpg/ff4444/ffffff
3,War and Peace,[{}],"[{},{},{},{},{}]","Quisque porta volutpat erat. Quisque erat eros, viverra eget, congue eget, semper rutrum, nulla. Nunc purus.

Phasellus in felis. Donec semper sapien a libero. Nam dui.

Proin leo odio, porttitor id, consequat in, consequat ut, nulla. Sed accumsan felis. Ut at dolor quis odio consequat varius.",http://dummyimage.com/178x158.jpg/5fa2dd/ffffff
4,1990: The Bronx Warriors (1990: I guerrieri del Bronx),"[{},{},{}]","[{},{},{}]",Aliquam quis turpis eget elit sodales scelerisque. Mauris sit amet eros. Suspendisse accumsan tortor quis turpis.,http://dummyimage.com/204x174.jpg/cc0000/ffffff
5,Sune på bilsemester,[{}],"[{},{},{},{}]","Integer ac leo. Pellentesque ultrices mattis odio. Donec vitae nisi.

Nam ultrices, libero non mattis pulvinar, nulla pede ullamcorper augue, a suscipit nulla elit ac nulla. Sed vel enim sit amet nunc viverra dapibus. Nulla suscipit ligula in lacus.",http://dummyimage.com/159x203.jpg/ff4444/ffffff
6,"Last Tycoon, The","[{},{}]","[{},{},{}]","Aenean fermentum. Donec ut mauris eget massa tempor convallis. Nulla neque libero, convallis eget, eleifend luctus, ultricies eu, nibh.",http://dummyimage.com/249x226.jpg/dddddd/000000
7,The Secret of Dr. Kildare,"[{},{},{},{},{}]","[{},{},{}]",Integer ac leo. Pellentesque ultrices mattis odio. Donec vitae nisi.,http://dummyimage.com/176x110.jpg/dddddd/000000
8,"Muppet Christmas: Letters to Santa, A","[{},{},{}]","[{},{},{},{},{}]","In hac habitasse platea dictumst. Morbi vestibulum, velit id pretium iaculis, diam erat fermentum justo, nec condimentum neque sapien placerat ante. Nulla justo.",http://dummyimage.com/183x106.bmp/cc0000/ffffff
9,Cabin in the Sky,"[{},{},{},{}]","[{},{},{},{},{}]","Quisque porta volutpat erat. Quisque erat eros, viverra eget, congue eget, semper rutrum, nulla. Nunc purus.

Phasellus in felis. Donec semper sapien a libero. Nam dui.",http://dummyimage.com/233x163.bmp/ff4444/ffffff
10,"Simple Plan, A","[{},{},{},{}]","[{},{}]","Curabitur at ipsum ac tellus semper interdum. Mauris ullamcorper purus sit amet nulla. Quisque arcu libero, rutrum ac, lobortis vel, dapibus at, diam.",http://dummyimage.com/187x172.png/5fa2dd/ffffff
11,Gracie,"[{},{}]","[{},{},{},{}]","Morbi non lectus. Aliquam sit amet diam in magna bibendum imperdiet. Nullam orci pede, venenatis non, sodales sed, tincidunt eu, felis.

Fusce posuere felis sed lacus. Morbi sem mauris, laoreet ut, rhoncus aliquet, pulvinar sed, nisl. Nunc rhoncus dui vel sem.",http://dummyimage.com/149x246.png/dddddd/000000
12,"Sorcerer's Apprentice, The","[{},{}]","[{},{},{}]","Integer tincidunt ante vel ipsum. Praesent blandit lacinia erat. Vestibulum sed magna at nunc commodo placerat.

Praesent blandit. Nam nulla. Integer pede justo, lacinia eget, tincidunt eget, tempus vel, pede.",http://dummyimage.com/116x118.jpg/ff4444/ffffff
13,"Flying Fleet, The","[{},{}]",[{}],"Duis aliquam convallis nunc. Proin at turpis a pede posuere nonummy. Integer non velit.

Donec diam neque, vestibulum eget, vulputate ut, ultrices vel, augue. Vestibulum ante ipsum primis in faucibus orci luctus et ultrices posuere cubilia Curae; Donec pharetra, magna vestibulum aliquet ultrices, erat tortor sollicitudin mi, sit amet lobortis sapien sapien non mi. Integer ac neque.

Duis bibendum. Morbi non quam nec dui luctus rutrum. Nulla tellus.",http://dummyimage.com/214x230.png/ff4444/ffffff
14,Lone Wolf and Cub: White Heaven in Hell (Kozure ôkami: Jigoku e ikuzo! Daigorô),"[{},{}]","[{},{}]","Morbi non lectus. Aliquam sit amet diam in magna bibendum imperdiet. Nullam orci pede, venenatis non, sodales sed, tincidunt eu, felis.

Fusce posuere felis sed lacus. Morbi sem mauris, laoreet ut, rhoncus aliquet, pulvinar sed, nisl. Nunc rhoncus dui vel sem.",http://dummyimage.com/111x123.bmp/ff4444/ffffff
15,Stacy,[{}],[{}],"In quis justo. Maecenas rhoncus aliquam lacus. Morbi quis tortor id nulla ultrices aliquet.

Maecenas leo odio, condimentum id, luctus nec, molestie sed, justo. Pellentesque viverra pede ac diam. Cras pellentesque volutpat dui.

Maecenas tristique, est et tempus semper, est quam pharetra magna, ac consequat metus sapien ut nunc. Vestibulum ante ipsum primis in faucibus orci luctus et ultrices posuere cubilia Curae; Mauris viverra diam vitae quam. Suspendisse potenti.",http://dummyimage.com/147x246.bmp/5fa2dd/ffffff
16,"Miracle of Marcelino, The (Marcelino pan y vino)",[{}],"[{},{},{},{},{}]","Duis bibendum, felis sed interdum venenatis, turpis enim blandit mi, in porttitor pede justo eu massa. Donec dapibus. Duis at velit eu est congue elementum.",http://dummyimage.com/148x177.png/ff4444/ffffff
17,"Study in Terror, A","[{},{},{},{},{}]","[{},{}]","Duis bibendum, felis sed interdum venenatis, turpis enim blandit mi, in porttitor pede justo eu massa. Donec dapibus. Duis at velit eu est congue elementum.

In hac habitasse platea dictumst. Morbi vestibulum, velit id pretium iaculis, diam erat fermentum justo, nec condimentum neque sapien placerat ante. Nulla justo.",http://dummyimage.com/238x196.bmp/ff4444/ffffff
18,Little Nicky,"[{},{},{},{}]","[{},{},{},{},{}]","Cum sociis natoque penatibus et magnis dis parturient montes, nascetur ridiculus mus. Vivamus vestibulum sagittis sapien. Cum sociis natoque penatibus et magnis dis parturient montes, nascetur ridiculus mus.

Etiam vel augue. Vestibulum rutrum rutrum neque. Aenean auctor gravida sem.",http://dummyimage.com/179x185.png/dddddd/000000
19,Garden Lovers (Eedenistä pohjoiseen),[{}],"[{},{},{}]","Aenean fermentum. Donec ut mauris eget massa tempor convallis. Nulla neque libero, convallis eget, eleifend luctus, ultricies eu, nibh.

Quisque id justo sit amet sapien dignissim vestibulum. Vestibulum ante ipsum primis in faucibus orci luctus et ultrices posuere cubilia Curae; Nulla dapibus dolor vel est. Donec odio justo, sollicitudin ut, suscipit a, feugiat et, eros.

Vestibulum ac est lacinia nisi venenatis tristique. Fusce congue, diam id ornare imperdiet, sapien urna pretium nisl, ut volutpat sapien arcu sed augue. Aliquam erat volutpat.",http://dummyimage.com/130x125.bmp/dddddd/000000
20,"Conscientious Objector, The","[{},{}]","[{},{},{}]","Morbi porttitor lorem id ligula. Suspendisse ornare consequat lectus. In est risus, auctor sed, tristique in, tempus sit amet, sem.

Fusce consequat. Nulla nisl. Nunc nisl.",http://dummyimage.com/191x228.jpg/ff4444/ffffff
21,Drag Me to Hell,"[{},{},{},{}]","[{},{}]","Curabitur gravida nisi at nibh. In hac habitasse platea dictumst. Aliquam augue quam, sollicitudin vitae, consectetuer eget, rutrum at, lorem.",http://dummyimage.com/173x225.png/cc0000/ffffff
22,"Scapegoat, The","[{},{},{},{},{}]","[{},{},{},{}]","Sed sagittis. Nam congue, risus semper porta volutpat, quam pede lobortis ligula, sit amet eleifend pede libero quis orci. Nullam molestie nibh in lectus.",http://dummyimage.com/204x192.jpg/ff4444/ffffff
23,Daredevil,"[{},{},{},{},{}]","[{},{},{}]",Integer tincidunt ante vel ipsum. Praesent blandit lacinia erat. Vestibulum sed magna at nunc commodo placerat.,http://dummyimage.com/209x204.png/ff4444/ffffff
24,Pokémon: The First Movie,"[{},{},{},{}]","[{},{},{},{}]","Cras mi pede, malesuada in, imperdiet et, commodo vulputate, justo. In blandit ultrices enim. Lorem ipsum dolor sit amet, consectetuer adipiscing elit.

Proin interdum mauris non ligula pellentesque ultrices. Phasellus id sapien in sapien iaculis congue. Vivamus metus arcu, adipiscing molestie, hendrerit at, vulputate vitae, nisl.

Aenean lectus. Pellentesque eget nunc. Donec quis orci eget orci vehicula condimentum.",http://dummyimage.com/214x107.jpg/dddddd/000000
25,Jackass Presents: Bad Grandpa .5,"[{},{}]",[{}],"Fusce posuere felis sed lacus. Morbi sem mauris, laoreet ut, rhoncus aliquet, pulvinar sed, nisl. Nunc rhoncus dui vel sem.

Sed sagittis. Nam congue, risus semper porta volutpat, quam pede lobortis ligula, sit amet eleifend pede libero quis orci. Nullam molestie nibh in lectus.

Pellentesque at nulla. Suspendisse potenti. Cras in purus eu magna vulputate luctus.",http://dummyimage.com/203x193.jpg/dddddd/000000
26,"Blob, The","[{},{},{},{}]","[{},{}]","Maecenas ut massa quis augue luctus tincidunt. Nulla mollis molestie lorem. Quisque ut erat.

Curabitur gravida nisi at nibh. In hac habitasse platea dictumst. Aliquam augue quam, sollicitudin vitae, consectetuer eget, rutrum at, lorem.

Integer tincidunt ante vel ipsum. Praesent blandit lacinia erat. Vestibulum sed magna at nunc commodo placerat.",http://dummyimage.com/167x240.png/dddddd/000000
27,From the Earth to the Moon,"[{},{}]","[{},{},{}]","Cum sociis natoque penatibus et magnis dis parturient montes, nascetur ridiculus mus. Vivamus vestibulum sagittis sapien. Cum sociis natoque penatibus et magnis dis parturient montes, nascetur ridiculus mus.

Etiam vel augue. Vestibulum rutrum rutrum neque. Aenean auctor gravida sem.",http://dummyimage.com/221x172.png/5fa2dd/ffffff
28,"Ketchup Effect, The (Hip Hip Hora!)","[{},{}]","[{},{}]","Praesent blandit. Nam nulla. Integer pede justo, lacinia eget, tincidunt eget, tempus vel, pede.

Morbi porttitor lorem id ligula. Suspendisse ornare consequat lectus. In est risus, auctor sed, tristique in, tempus sit amet, sem.

Fusce consequat. Nulla nisl. Nunc nisl.",http://dummyimage.com/148x145.jpg/dddddd/000000
29,Joan of Paris,"[{},{}]","[{},{}]","Sed sagittis. Nam congue, risus semper porta volutpat, quam pede lobortis ligula, sit amet eleifend pede libero quis orci. Nullam molestie nibh in lectus.",http://dummyimage.com/233x109.jpg/cc0000/ffffff
30,X: The Unknown,"[{},{},{},{},{}]",[{}],"In congue. Etiam justo. Etiam pretium iaculis justo.

In hac habitasse platea dictumst. Etiam faucibus cursus urna. Ut tellus.

Nulla ut erat id mauris vulputate elementum. Nullam varius. Nulla facilisi.",http://dummyimage.com/245x103.png/dddddd/000000
31,Vampires,"[{},{},{},{},{}]","[{},{},{},{}]","Cum sociis natoque penatibus et magnis dis parturient montes, nascetur ridiculus mus. Vivamus vestibulum sagittis sapien. Cum sociis natoque penatibus et magnis dis parturient montes, nascetur ridiculus mus.",http://dummyimage.com/134x203.bmp/ff4444/ffffff
32,Mr. Moto Takes a Chance,"[{},{},{},{},{}]","[{},{},{}]","Maecenas leo odio, condimentum id, luctus nec, molestie sed, justo. Pellentesque viverra pede ac diam. Cras pellentesque volutpat dui.",http://dummyimage.com/196x183.png/dddddd/000000
33,Across the Line: The Exodus of Charlie Wright,"[{},{},{},{},{}]",[{}],"Nullam porttitor lacus at turpis. Donec posuere metus vitae ipsum. Aliquam non mauris.

Morbi non lectus. Aliquam sit amet diam in magna bibendum imperdiet. Nullam orci pede, venenatis non, sodales sed, tincidunt eu, felis.",http://dummyimage.com/130x130.png/ff4444/ffffff
34,I Melt with You,[{}],[{}],"Nulla ut erat id mauris vulputate elementum. Nullam varius. Nulla facilisi.

Cras non velit nec nisi vulputate nonummy. Maecenas tincidunt lacus at velit. Vivamus vel nulla eget eros elementum pellentesque.

Quisque porta volutpat erat. Quisque erat eros, viverra eget, congue eget, semper rutrum, nulla. Nunc purus.",http://dummyimage.com/178x220.bmp/cc0000/ffffff
35,5 Centimeters per Second (Byôsoku 5 senchimêtoru),"[{},{},{},{},{}]","[{},{},{},{},{}]","Morbi non lectus. Aliquam sit amet diam in magna bibendum imperdiet. Nullam orci pede, venenatis non, sodales sed, tincidunt eu, felis.",http://dummyimage.com/181x186.png/5fa2dd/ffffff
36,Movie Movie,"[{},{},{},{}]","[{},{}]","Duis bibendum. Morbi non quam nec dui luctus rutrum. Nulla tellus.

In sagittis dui vel nisl. Duis ac nibh. Fusce lacus purus, aliquet at, feugiat non, pretium quis, lectus.

Suspendisse potenti. In eleifend quam a odio. In hac habitasse platea dictumst.",http://dummyimage.com/215x235.jpg/dddddd/000000
37,Chicago Joe and the Showgirl,"[{},{},{},{}]","[{},{},{},{},{}]","Cum sociis natoque penatibus et magnis dis parturient montes, nascetur ridiculus mus. Vivamus vestibulum sagittis sapien. Cum sociis natoque penatibus et magnis dis parturient montes, nascetur ridiculus mus.",http://dummyimage.com/108x160.bmp/ff4444/ffffff
38,Cosmopolis,"[{},{},{},{}]","[{},{},{},{}]","Fusce posuere felis sed lacus. Morbi sem mauris, laoreet ut, rhoncus aliquet, pulvinar sed, nisl. Nunc rhoncus dui vel sem.

Sed sagittis. Nam congue, risus semper porta volutpat, quam pede lobortis ligula, sit amet eleifend pede libero quis orci. Nullam molestie nibh in lectus.

Pellentesque at nulla. Suspendisse potenti. Cras in purus eu magna vulputate luctus.",http://dummyimage.com/245x150.jpg/5fa2dd/ffffff
39,Kung Pow: Enter the Fist,"[{},{},{}]","[{},{},{},{}]","Duis bibendum. Morbi non quam nec dui luctus rutrum. Nulla tellus.

In sagittis dui vel nisl. Duis ac nibh. Fusce lacus purus, aliquet at, feugiat non, pretium quis, lectus.",http://dummyimage.com/160x218.bmp/5fa2dd/ffffff
40,Insomnia,"[{},{},{},{}]","[{},{}]","Praesent id massa id nisl venenatis lacinia. Aenean sit amet justo. Morbi ut odio.

Cras mi pede, malesuada in, imperdiet et, commodo vulputate, justo. In blandit ultrices enim. Lorem ipsum dolor sit amet, consectetuer adipiscing elit.",http://dummyimage.com/192x190.png/dddddd/000000
41,Jackpot,"[{},{}]","[{},{},{},{}]","Cum sociis natoque penatibus et magnis dis parturient montes, nascetur ridiculus mus. Vivamus vestibulum sagittis sapien. Cum sociis natoque penatibus et magnis dis parturient montes, nascetur ridiculus mus.",http://dummyimage.com/162x174.jpg/5fa2dd/ffffff
42,Yol (a.k.a. The Way),"[{},{}]","[{},{},{}]","Maecenas tristique, est et tempus semper, est quam pharetra magna, ac consequat metus sapien ut nunc. Vestibulum ante ipsum primis in faucibus orci luctus et ultrices posuere cubilia Curae; Mauris viverra diam vitae quam. Suspendisse potenti.",http://dummyimage.com/179x112.png/5fa2dd/ffffff
43,Satan's Tango (Sátántangó),[{}],"[{},{},{}]","Suspendisse potenti. In eleifend quam a odio. In hac habitasse platea dictumst.

Maecenas ut massa quis augue luctus tincidunt. Nulla mollis molestie lorem. Quisque ut erat.

Curabitur gravida nisi at nibh. In hac habitasse platea dictumst. Aliquam augue quam, sollicitudin vitae, consectetuer eget, rutrum at, lorem.",http://dummyimage.com/148x216.jpg/dddddd/000000
44,"Charlie Brown Christmas, A","[{},{},{},{}]","[{},{},{},{}]","Integer tincidunt ante vel ipsum. Praesent blandit lacinia erat. Vestibulum sed magna at nunc commodo placerat.

Praesent blandit. Nam nulla. Integer pede justo, lacinia eget, tincidunt eget, tempus vel, pede.",http://dummyimage.com/125x135.jpg/5fa2dd/ffffff
45,Forest Warrior,"[{},{},{},{}]","[{},{}]","Proin leo odio, porttitor id, consequat in, consequat ut, nulla. Sed accumsan felis. Ut at dolor quis odio consequat varius.

Integer ac leo. Pellentesque ultrices mattis odio. Donec vitae nisi.",http://dummyimage.com/132x110.png/5fa2dd/ffffff
46,Pride of the Bowery,"[{},{},{}]","[{},{},{},{}]","Cras non velit nec nisi vulputate nonummy. Maecenas tincidunt lacus at velit. Vivamus vel nulla eget eros elementum pellentesque.

Quisque porta volutpat erat. Quisque erat eros, viverra eget, congue eget, semper rutrum, nulla. Nunc purus.",http://dummyimage.com/231x188.png/5fa2dd/ffffff
47,Mac,"[{},{},{},{},{}]",[{}],"Integer ac leo. Pellentesque ultrices mattis odio. Donec vitae nisi.

Nam ultrices, libero non mattis pulvinar, nulla pede ullamcorper augue, a suscipit nulla elit ac nulla. Sed vel enim sit amet nunc viverra dapibus. Nulla suscipit ligula in lacus.",http://dummyimage.com/170x187.png/5fa2dd/ffffff
48,Un Poliziotto Scomodo,[{}],"[{},{},{},{}]","Mauris enim leo, rhoncus sed, vestibulum sit amet, cursus id, turpis. Integer aliquet, massa id lobortis convallis, tortor risus dapibus augue, vel accumsan tellus nisi eu orci. Mauris lacinia sapien quis libero.",http://dummyimage.com/173x216.jpg/dddddd/000000
49,"Girl from Jones Beach, The","[{},{},{}]","[{},{},{},{}]","Proin eu mi. Nulla ac enim. In tempor, turpis nec euismod scelerisque, quam turpis adipiscing lorem, vitae mattis nibh ligula nec sem.

Duis aliquam convallis nunc. Proin at turpis a pede posuere nonummy. Integer non velit.

Donec diam neque, vestibulum eget, vulputate ut, ultrices vel, augue. Vestibulum ante ipsum primis in faucibus orci luctus et ultrices posuere cubilia Curae; Donec pharetra, magna vestibulum aliquet ultrices, erat tortor sollicitudin mi, sit amet lobortis sapien sapien non mi. Integer ac neque.",http://dummyimage.com/188x217.jpg/cc0000/ffffff
50,Life As a Fatal Sexually Transmitted Disease (Zycie jako smiertelna choroba przenoszona droga plciowa),"[{},{},{}]","[{},{}]","Integer ac leo. Pellentesque ultrices mattis odio. Donec vitae nisi.

Nam ultrices, libero non mattis pulvinar, nulla pede ullamcorper augue, a suscipit nulla elit ac nulla. Sed vel enim sit amet nunc viverra dapibus. Nulla suscipit ligula in lacus.",http://dummyimage.com/189x128.png/cc0000/ffffff
51,Motel Hell,[{}],"[{},{},{},{},{}]","Vestibulum quam sapien, varius ut, blandit non, interdum in, ante. Vestibulum ante ipsum primis in faucibus orci luctus et ultrices posuere cubilia Curae; Duis faucibus accumsan odio. Curabitur convallis.",http://dummyimage.com/249x119.png/5fa2dd/ffffff
52,Silence (Chinmoku),"[{},{}]",[{}],"In sagittis dui vel nisl. Duis ac nibh. Fusce lacus purus, aliquet at, feugiat non, pretium quis, lectus.",http://dummyimage.com/196x244.bmp/ff4444/ffffff
53,Thirteen Women,[{}],[{}],"Duis aliquam convallis nunc. Proin at turpis a pede posuere nonummy. Integer non velit.

Donec diam neque, vestibulum eget, vulputate ut, ultrices vel, augue. Vestibulum ante ipsum primis in faucibus orci luctus et ultrices posuere cubilia Curae; Donec pharetra, magna vestibulum aliquet ultrices, erat tortor sollicitudin mi, sit amet lobortis sapien sapien non mi. Integer ac neque.

Duis bibendum. Morbi non quam nec dui luctus rutrum. Nulla tellus.",http://dummyimage.com/241x185.png/cc0000/ffffff
54,Everybody's Woman (La signora di tutti),"[{},{},{},{}]","[{},{},{}]","Curabitur at ipsum ac tellus semper interdum. Mauris ullamcorper purus sit amet nulla. Quisque arcu libero, rutrum ac, lobortis vel, dapibus at, diam.",http://dummyimage.com/143x136.png/dddddd/000000
55,Täällä Pohjantähden alla II ,"[{},{},{},{}]","[{},{},{}]",Aliquam quis turpis eget elit sodales scelerisque. Mauris sit amet eros. Suspendisse accumsan tortor quis turpis.,http://dummyimage.com/151x105.png/5fa2dd/ffffff
56,Open Season 3,[{}],"[{},{},{},{},{}]","Cum sociis natoque penatibus et magnis dis parturient montes, nascetur ridiculus mus. Vivamus vestibulum sagittis sapien. Cum sociis natoque penatibus et magnis dis parturient montes, nascetur ridiculus mus.

Etiam vel augue. Vestibulum rutrum rutrum neque. Aenean auctor gravida sem.

Praesent id massa id nisl venenatis lacinia. Aenean sit amet justo. Morbi ut odio.",http://dummyimage.com/218x108.jpg/dddddd/000000
57,We Need to Talk About Kevin,"[{},{},{}]","[{},{},{},{}]","Fusce posuere felis sed lacus. Morbi sem mauris, laoreet ut, rhoncus aliquet, pulvinar sed, nisl. Nunc rhoncus dui vel sem.

Sed sagittis. Nam congue, risus semper porta volutpat, quam pede lobortis ligula, sit amet eleifend pede libero quis orci. Nullam molestie nibh in lectus.",http://dummyimage.com/138x136.bmp/dddddd/000000
58,Minecraft: The Story of Mojang,"[{},{},{},{},{}]","[{},{}]","Proin leo odio, porttitor id, consequat in, consequat ut, nulla. Sed accumsan felis. Ut at dolor quis odio consequat varius.",http://dummyimage.com/234x232.png/dddddd/000000
59,"13 Frightened Girls! (Candy Web, The)","[{},{},{},{},{}]","[{},{}]",Praesent id massa id nisl venenatis lacinia. Aenean sit amet justo. Morbi ut odio.,http://dummyimage.com/145x229.jpg/dddddd/000000
60,"Zidane: A 21st Century Portrait (Zidane, un portrait du 21e siècle)","[{},{},{},{},{}]",[{}],"Proin eu mi. Nulla ac enim. In tempor, turpis nec euismod scelerisque, quam turpis adipiscing lorem, vitae mattis nibh ligula nec sem.

Duis aliquam convallis nunc. Proin at turpis a pede posuere nonummy. Integer non velit.",http://dummyimage.com/118x145.jpg/ff4444/ffffff
61,Vegas Vacation (National Lampoon's Las Vegas Vacation),"[{},{},{},{},{}]","[{},{}]","Fusce posuere felis sed lacus. Morbi sem mauris, laoreet ut, rhoncus aliquet, pulvinar sed, nisl. Nunc rhoncus dui vel sem.

Sed sagittis. Nam congue, risus semper porta volutpat, quam pede lobortis ligula, sit amet eleifend pede libero quis orci. Nullam molestie nibh in lectus.",http://dummyimage.com/104x245.bmp/dddddd/000000
62,Deathstalker II,"[{},{}]","[{},{},{},{},{}]","Mauris enim leo, rhoncus sed, vestibulum sit amet, cursus id, turpis. Integer aliquet, massa id lobortis convallis, tortor risus dapibus augue, vel accumsan tellus nisi eu orci. Mauris lacinia sapien quis libero.

Nullam sit amet turpis elementum ligula vehicula consequat. Morbi a ipsum. Integer a nibh.",http://dummyimage.com/105x175.bmp/ff4444/ffffff
63,"Big Sky, The","[{},{},{},{},{}]","[{},{}]","In sagittis dui vel nisl. Duis ac nibh. Fusce lacus purus, aliquet at, feugiat non, pretium quis, lectus.

Suspendisse potenti. In eleifend quam a odio. In hac habitasse platea dictumst.",http://dummyimage.com/146x103.jpg/cc0000/ffffff
64,Horton Hears a Who!,"[{},{},{},{}]","[{},{}]","In sagittis dui vel nisl. Duis ac nibh. Fusce lacus purus, aliquet at, feugiat non, pretium quis, lectus.

Suspendisse potenti. In eleifend quam a odio. In hac habitasse platea dictumst.",http://dummyimage.com/181x159.png/dddddd/000000
65,The Brass Legend,"[{},{},{}]",[{}],Aliquam quis turpis eget elit sodales scelerisque. Mauris sit amet eros. Suspendisse accumsan tortor quis turpis.,http://dummyimage.com/194x242.png/dddddd/000000
66,Mortal Thoughts,"[{},{},{},{}]",[{}],"Cum sociis natoque penatibus et magnis dis parturient montes, nascetur ridiculus mus. Vivamus vestibulum sagittis sapien. Cum sociis natoque penatibus et magnis dis parturient montes, nascetur ridiculus mus.",http://dummyimage.com/146x131.bmp/cc0000/ffffff
67,"Buccaneer, The","[{},{},{},{}]","[{},{},{}]",Duis aliquam convallis nunc. Proin at turpis a pede posuere nonummy. Integer non velit.,http://dummyimage.com/213x113.png/5fa2dd/ffffff
68,Stonewall Uprising,"[{},{},{},{},{}]","[{},{},{}]","Curabitur gravida nisi at nibh. In hac habitasse platea dictumst. Aliquam augue quam, sollicitudin vitae, consectetuer eget, rutrum at, lorem.",http://dummyimage.com/117x100.bmp/ff4444/ffffff
69,The Cat's Out,"[{},{},{},{}]","[{},{},{}]","Pellentesque at nulla. Suspendisse potenti. Cras in purus eu magna vulputate luctus.

Cum sociis natoque penatibus et magnis dis parturient montes, nascetur ridiculus mus. Vivamus vestibulum sagittis sapien. Cum sociis natoque penatibus et magnis dis parturient montes, nascetur ridiculus mus.",http://dummyimage.com/166x249.jpg/dddddd/000000
70,Mister Magoo's Christmas Carol,"[{},{},{}]","[{},{},{},{}]","Aliquam quis turpis eget elit sodales scelerisque. Mauris sit amet eros. Suspendisse accumsan tortor quis turpis.

Sed ante. Vivamus tortor. Duis mattis egestas metus.",http://dummyimage.com/140x191.png/cc0000/ffffff
71,TMNT (Teenage Mutant Ninja Turtles),[{}],"[{},{},{},{},{}]","Curabitur at ipsum ac tellus semper interdum. Mauris ullamcorper purus sit amet nulla. Quisque arcu libero, rutrum ac, lobortis vel, dapibus at, diam.",http://dummyimage.com/137x163.jpg/dddddd/000000
72,"End of Violence, The","[{},{},{},{}]","[{},{},{},{},{}]","Mauris enim leo, rhoncus sed, vestibulum sit amet, cursus id, turpis. Integer aliquet, massa id lobortis convallis, tortor risus dapibus augue, vel accumsan tellus nisi eu orci. Mauris lacinia sapien quis libero.

Nullam sit amet turpis elementum ligula vehicula consequat. Morbi a ipsum. Integer a nibh.

In quis justo. Maecenas rhoncus aliquam lacus. Morbi quis tortor id nulla ultrices aliquet.",http://dummyimage.com/138x173.png/cc0000/ffffff
73,Jerusalem Countdown,"[{},{},{}]",[{}],"Aenean fermentum. Donec ut mauris eget massa tempor convallis. Nulla neque libero, convallis eget, eleifend luctus, ultricies eu, nibh.

Quisque id justo sit amet sapien dignissim vestibulum. Vestibulum ante ipsum primis in faucibus orci luctus et ultrices posuere cubilia Curae; Nulla dapibus dolor vel est. Donec odio justo, sollicitudin ut, suscipit a, feugiat et, eros.",http://dummyimage.com/185x181.bmp/dddddd/000000
74,Echoes from the Dead (Skumtimmen),"[{},{},{},{}]",[{}],"Maecenas ut massa quis augue luctus tincidunt. Nulla mollis molestie lorem. Quisque ut erat.

Curabitur gravida nisi at nibh. In hac habitasse platea dictumst. Aliquam augue quam, sollicitudin vitae, consectetuer eget, rutrum at, lorem.",http://dummyimage.com/206x241.png/dddddd/000000
75,Aaron Loves Angela,"[{},{},{},{}]","[{},{},{},{},{}]","Sed sagittis. Nam congue, risus semper porta volutpat, quam pede lobortis ligula, sit amet eleifend pede libero quis orci. Nullam molestie nibh in lectus.

Pellentesque at nulla. Suspendisse potenti. Cras in purus eu magna vulputate luctus.",http://dummyimage.com/223x213.png/dddddd/000000
76,Zatoichi Goes to the Fire Festival (Zatôichi abare-himatsuri) (Zatôichi 21),"[{},{},{}]","[{},{},{},{}]",In quis justo. Maecenas rhoncus aliquam lacus. Morbi quis tortor id nulla ultrices aliquet.,http://dummyimage.com/151x246.bmp/ff4444/ffffff
77,Duelist (Hyeongsa),"[{},{}]","[{},{},{}]","Duis bibendum, felis sed interdum venenatis, turpis enim blandit mi, in porttitor pede justo eu massa. Donec dapibus. Duis at velit eu est congue elementum.",http://dummyimage.com/139x107.png/dddddd/000000
78,Blue Valentine,"[{},{},{},{},{}]","[{},{},{},{},{}]","Maecenas tristique, est et tempus semper, est quam pharetra magna, ac consequat metus sapien ut nunc. Vestibulum ante ipsum primis in faucibus orci luctus et ultrices posuere cubilia Curae; Mauris viverra diam vitae quam. Suspendisse potenti.",http://dummyimage.com/245x162.png/cc0000/ffffff
79,Richard Pryor: Live in Concert,[{}],"[{},{},{},{},{}]","In congue. Etiam justo. Etiam pretium iaculis justo.

In hac habitasse platea dictumst. Etiam faucibus cursus urna. Ut tellus.

Nulla ut erat id mauris vulputate elementum. Nullam varius. Nulla facilisi.",http://dummyimage.com/136x200.bmp/dddddd/000000
80,Joe Kidd,"[{},{},{}]","[{},{},{},{}]","Cras non velit nec nisi vulputate nonummy. Maecenas tincidunt lacus at velit. Vivamus vel nulla eget eros elementum pellentesque.

Quisque porta volutpat erat. Quisque erat eros, viverra eget, congue eget, semper rutrum, nulla. Nunc purus.

Phasellus in felis. Donec semper sapien a libero. Nam dui.",http://dummyimage.com/201x244.jpg/cc0000/ffffff
81,Mr Bones 2: Back from the Past,"[{},{},{}]","[{},{},{}]",Fusce consequat. Nulla nisl. Nunc nisl.,http://dummyimage.com/182x125.jpg/cc0000/ffffff
82,Cyberjack (Virtual Assassin),"[{},{},{},{},{}]","[{},{}]","In hac habitasse platea dictumst. Morbi vestibulum, velit id pretium iaculis, diam erat fermentum justo, nec condimentum neque sapien placerat ante. Nulla justo.

Aliquam quis turpis eget elit sodales scelerisque. Mauris sit amet eros. Suspendisse accumsan tortor quis turpis.",http://dummyimage.com/188x110.png/ff4444/ffffff
83,Meet Bill,"[{},{},{},{},{}]",[{}],"Nullam porttitor lacus at turpis. Donec posuere metus vitae ipsum. Aliquam non mauris.

Morbi non lectus. Aliquam sit amet diam in magna bibendum imperdiet. Nullam orci pede, venenatis non, sodales sed, tincidunt eu, felis.",http://dummyimage.com/108x215.jpg/5fa2dd/ffffff
84,Viimeiset rotannahat ,"[{},{},{},{},{}]","[{},{},{}]",Suspendisse potenti. In eleifend quam a odio. In hac habitasse platea dictumst.,http://dummyimage.com/157x139.jpg/ff4444/ffffff
85,Crisis,"[{},{}]",[{}],"Maecenas leo odio, condimentum id, luctus nec, molestie sed, justo. Pellentesque viverra pede ac diam. Cras pellentesque volutpat dui.

Maecenas tristique, est et tempus semper, est quam pharetra magna, ac consequat metus sapien ut nunc. Vestibulum ante ipsum primis in faucibus orci luctus et ultrices posuere cubilia Curae; Mauris viverra diam vitae quam. Suspendisse potenti.

Nullam porttitor lacus at turpis. Donec posuere metus vitae ipsum. Aliquam non mauris.",http://dummyimage.com/154x216.png/5fa2dd/ffffff
86,"Holy Girl, The (Niña santa, La)",[{}],"[{},{}]",Suspendisse potenti. In eleifend quam a odio. In hac habitasse platea dictumst.,http://dummyimage.com/188x145.bmp/5fa2dd/ffffff
87,"Tale of Zatoichi, The (Zatôichi monogatari) (Zatôichi 1)","[{},{},{},{},{}]","[{},{},{}]","Maecenas ut massa quis augue luctus tincidunt. Nulla mollis molestie lorem. Quisque ut erat.

Curabitur gravida nisi at nibh. In hac habitasse platea dictumst. Aliquam augue quam, sollicitudin vitae, consectetuer eget, rutrum at, lorem.

Integer tincidunt ante vel ipsum. Praesent blandit lacinia erat. Vestibulum sed magna at nunc commodo placerat.",http://dummyimage.com/165x136.bmp/cc0000/ffffff
88,The Hire: Ticker,"[{},{},{}]","[{},{},{}]","Pellentesque at nulla. Suspendisse potenti. Cras in purus eu magna vulputate luctus.

Cum sociis natoque penatibus et magnis dis parturient montes, nascetur ridiculus mus. Vivamus vestibulum sagittis sapien. Cum sociis natoque penatibus et magnis dis parturient montes, nascetur ridiculus mus.",http://dummyimage.com/213x208.jpg/cc0000/ffffff
89,"African Queen, The","[{},{},{},{},{}]","[{},{},{},{}]","Vestibulum ac est lacinia nisi venenatis tristique. Fusce congue, diam id ornare imperdiet, sapien urna pretium nisl, ut volutpat sapien arcu sed augue. Aliquam erat volutpat.",http://dummyimage.com/245x176.bmp/ff4444/ffffff
90,Illuminata,"[{},{},{},{},{}]","[{},{},{},{}]","Quisque id justo sit amet sapien dignissim vestibulum. Vestibulum ante ipsum primis in faucibus orci luctus et ultrices posuere cubilia Curae; Nulla dapibus dolor vel est. Donec odio justo, sollicitudin ut, suscipit a, feugiat et, eros.",http://dummyimage.com/202x228.bmp/5fa2dd/ffffff
91,Metal: A Headbanger's Journey,"[{},{},{},{}]","[{},{},{},{}]","Nullam porttitor lacus at turpis. Donec posuere metus vitae ipsum. Aliquam non mauris.

Morbi non lectus. Aliquam sit amet diam in magna bibendum imperdiet. Nullam orci pede, venenatis non, sodales sed, tincidunt eu, felis.",http://dummyimage.com/240x134.png/cc0000/ffffff
92,Arnold,"[{},{},{},{},{}]","[{},{},{}]",Nullam sit amet turpis elementum ligula vehicula consequat. Morbi a ipsum. Integer a nibh.,http://dummyimage.com/191x162.bmp/5fa2dd/ffffff
93,Hard Core Logo,"[{},{}]",[{}],"Lorem ipsum dolor sit amet, consectetuer adipiscing elit. Proin risus. Praesent lectus.

Vestibulum quam sapien, varius ut, blandit non, interdum in, ante. Vestibulum ante ipsum primis in faucibus orci luctus et ultrices posuere cubilia Curae; Duis faucibus accumsan odio. Curabitur convallis.",http://dummyimage.com/103x233.bmp/dddddd/000000
94,Ordinary Decent Criminal,"[{},{},{}]","[{},{},{},{},{}]","Mauris enim leo, rhoncus sed, vestibulum sit amet, cursus id, turpis. Integer aliquet, massa id lobortis convallis, tortor risus dapibus augue, vel accumsan tellus nisi eu orci. Mauris lacinia sapien quis libero.

Nullam sit amet turpis elementum ligula vehicula consequat. Morbi a ipsum. Integer a nibh.

In quis justo. Maecenas rhoncus aliquam lacus. Morbi quis tortor id nulla ultrices aliquet.",http://dummyimage.com/221x121.bmp/5fa2dd/ffffff
95,Tungsten,"[{},{},{},{}]","[{},{}]","Duis bibendum, felis sed interdum venenatis, turpis enim blandit mi, in porttitor pede justo eu massa. Donec dapibus. Duis at velit eu est congue elementum.",http://dummyimage.com/106x188.jpg/ff4444/ffffff
96,HE Who Gets Slapped,"[{},{}]","[{},{},{},{},{}]",Maecenas ut massa quis augue luctus tincidunt. Nulla mollis molestie lorem. Quisque ut erat.,http://dummyimage.com/161x155.png/cc0000/ffffff
97,Yolanda and the Thief,"[{},{}]","[{},{}]",Sed ante. Vivamus tortor. Duis mattis egestas metus.,http://dummyimage.com/210x204.bmp/ff4444/ffffff
98,"It's the Easter Beagle, Charlie Brown!","[{},{},{},{}]","[{},{},{}]","Vestibulum quam sapien, varius ut, blandit non, interdum in, ante. Vestibulum ante ipsum primis in faucibus orci luctus et ultrices posuere cubilia Curae; Duis faucibus accumsan odio. Curabitur convallis.",http://dummyimage.com/133x166.jpg/ff4444/ffffff
99,"Elusive Summer of '68, The (Varljivo leto '68)","[{},{},{},{}]","[{},{},{},{},{}]","Duis aliquam convallis nunc. Proin at turpis a pede posuere nonummy. Integer non velit.

Donec diam neque, vestibulum eget, vulputate ut, ultrices vel, augue. Vestibulum ante ipsum primis in faucibus orci luctus et ultrices posuere cubilia Curae; Donec pharetra, magna vestibulum aliquet ultrices, erat tortor sollicitudin mi, sit amet lobortis sapien sapien non mi. Integer ac neque.",http://dummyimage.com/108x221.png/5fa2dd/ffffff
100,"Art of Negative Thinking, The (Kunsten å tenke negativt)","[{},{},{},{}]","[{},{}]","Duis aliquam convallis nunc. Proin at turpis a pede posuere nonummy. Integer non velit.

Donec diam neque, vestibulum eget, vulputate ut, ultrices vel, augue. Vestibulum ante ipsum primis in faucibus orci luctus et ultrices posuere cubilia Curae; Donec pharetra, magna vestibulum aliquet ultrices, erat tortor sollicitudin mi, sit amet lobortis sapien sapien non mi. Integer ac neque.",http://dummyimage.com/139x217.png/5fa2dd/ffffff
